63d25838e86b6c50c6880c5f95e3c642,2017-09-24
aab0dd078c2d0f949c4b1e00f319bed0,2017-09-24
99e29a3f13d71e041905a2b76101323d,2017-09-24
1d15ccf815c444e9c81c516bf6111d44,2017-09-24
93073581fba862a6f15b6c780344f504,2017-09-24
f35d0125488619a7d375a80156a420e2,2017-09-24
f7ba6dc978840e45bf37f6d76c3a9920,2017-09-24
004c8b31a9830eff47cbd1c99e56d229,2017-09-24
9e70aadb3b606c4d8587380ce762f600,2017-09-24
52849cdc0f0fd1fd3a06bbc24b675084,2017-09-24
f325a28f78d4426ca00eb443d94e69b0,2017-09-24
693ef59145aa6b9e329f91538855ef64,2017-09-24
9f4117fa7494f64cd8024f8db6a56fe6,2017-09-24
cad16c78d24228f370a1f4e54a0459e2,2017-09-24
ee117d135c391bbe6fcf1a8c3cd97e2a,2017-09-24
8e1475823b5101b22e231f80d14ed979,2017-09-24
2ca01471d013b7a991ff52128a74c679,2017-09-24
e07d19fb360292cf7b64629acbef7f01,2017-09-24
15768f45063666ca7bdcf2413088a112,2017-09-24
a408aa17ab2826c545c4d223ec29fd34,2017-09-24
d14bc9efe80aeb7d172cbb590f80eba7,2017-09-24
2fe8552013550c128332b47fc11aa6cd,2017-09-24
c40cfbce8ed82b9ec85efb08528f075d,2017-09-24
0719037c7f5631c5d8551232a3a874a5,2017-09-24
295e67515ed8e9884faab285c6e6525a,2017-09-24
f299ce39b6835f1b741642a29f21ed58,2017-09-24
45d333e28008ced5c9b92a68887f93fe,2017-09-24
41c829c74a6d10ce148353900e86d614,2017-09-24
26f07243089c36d679930b3f66aaf9d0,2017-09-24
c8c45e2e8b99d4b6ec84fc6e0373b260,2017-09-24
16df495bdcbbf971a5639084bcefd8f4,2017-09-24
60c444effb3510c6db5d614be5a40bef,2017-09-24
5b46364a0ce0a873b1437afd65d51bfc,2017-09-24
c417cb00ffbd918e6d36c7b70ee7327e,2017-09-24
0627731863d2fefc587792b4579f41ed,2017-09-24
19532de6db3bda8916afaf8a555ef352,2017-09-24
e7acc5a8d5ffc5c5fb9178cf4fbe054e,2017-09-24
93cbb5d5ec2844956b9b42c99e1d5849,2017-09-24
53139b23bed3a46a0668862679b20798,2017-09-24
403170cdb3ce9eed5bf7c1ef2b3e23f1,2017-09-24
1e761a5a34898445a41439c752295e20,2017-09-24
5819680eff9f09366755148b96880241,2017-09-24
3668aeecdbfba8af2ee69d896ebada6f,2017-09-24
147aa08858a7ffb87c0bfebb6c1f0e9d,2017-09-24
a356a38d27ee89063e81ae93e886b5cd,2017-09-24
26ffc3d8ca8ac0d3b64774d1fa79d6ec,2017-09-24
945c2540e425e47efdb0511151a3e461,2017-09-24
b61c6630c7c8c2fd8c3b428afe297832,2017-09-24
c0e2ef50d565e5f86e332533cdb45e5c,2017-09-24
511756fb6e203ef95813b576a59af46e,2017-09-24
c08f426c6273b4455cf79d734cf7c33d,2017-09-24
687821884698a3ba0f0dc493623c8d48,2017-09-24
57f594677863ad274d6655c8aec6f7b2,2017-09-24
ffdee03cb4c4c23b2db269b47e4669d5,2017-09-24
818818f23802d9f4730f9b19dae7cc0a,2017-09-24
230606dd8b0d62e2a8a04ef61b2d8707,2017-09-24
5d9f40f0c4a0cf2a73d0464ca91d840a,2017-09-24
8009e4433aad21916a7761d374ee2be9,2017-09-24
