0029f5f3f99c56ea9d509ddf2dd4baf4,2017-09-23; Delete
00c2df77fc7690c734c29d2e579d97b1,2017-09-23; Delete
01737ddcceaee3f08919b1356c1993ee,2017-09-23; Delete
0592a3634a6cc99dd7e7b4b753e95099,2017-09-23; Delete
06b231c7af201c0f0f573478566e2623,2017-09-23; Delete
0dc1fcbe6cda47737b51e4294897ae50,2017-09-23; Delete
16c59cc1400e7eaf3bd84a70037d34f5,2017-09-23; Delete
2b6ac02d9bfb60ab19c1c016c1cde93a,2017-09-23; Delete
2fbb227bf3856406ec1dcae0b51f0c1d,2017-09-23; Delete
3091dc5a93259d6112040f1f75a4f552,2017-09-23; Delete
331a583e3ae6f197e129a23012eb3e72,2017-09-23; Delete
3bc6778710376336e66cd2a025a63756,2017-09-23; Delete
40ab038edcb63ab93e99f271c15dab23,2017-09-23; Delete
4491c4e50a0eca1a631b747d15cd6790,2017-09-23; Delete
48100ae2327c512aa8e152a9bad32614,2017-09-23; Delete
48760db86f4a704e707af3436f280974,2017-09-23; Delete
4fac22e826a123908b5c8cd47cdf36cf,2017-09-23; Delete
510907112e021366e8d5a938deb18ff0,2017-09-23; Delete
55fcb9cf051eccd60777af3696a19274,2017-09-23; Delete
56d87527a5d6ac9fd618d703807121e4,2017-09-23; Delete
5857d601119630f7960b949ed2d55986,2017-09-23; Delete
5be513f761b5ec9763c91ef7c8d056e5,2017-09-23; Delete
5ce6c63c88d963997c6c415caa0a5e7c,2017-09-23; Delete
5d1a99e0a6290795dfd6b20f28e203d4,2017-09-23; Delete
6062529959b36076df2ea1358edbc5d6,2017-09-23; Delete
6d9e111645793846702bff70308fb317,2017-09-23; Delete
7e952bc790c4e9bdaaf01a2664fe501a,2017-09-23; Delete
7fc0609c7ce9bd913582ab07ec2dbffa,2017-09-23; Delete
81a6d5a572419f92846cfa2bfd2ae9b1,2017-09-23; Delete
83db1815b3f2215c47e6be804572ebf4,2017-09-23; Delete
8742a138c7d2e6c762533a25f67b40a6,2017-09-23; Delete
8843dd6c0d37f2b24cc3f3e5ce5564cb,2017-09-23; Delete
88d487ae4f6a6eeeff852af0af30f356,2017-09-23; Delete
939c552fbc07410a99400ebcbcafcc2f,2017-09-23; Delete
9a82e7615a8e385ccad3f2489e3d4270,2017-09-23; Delete
9eae69d80d410bb9f99ffc1ba9dab41d,2017-09-23; Delete
a2bd1b2fcfeb8f145559cdf31773b09f,2017-09-23; Delete
a300b525674b530d7d30be3bec9cc67d,2017-09-23; Delete
a327aab5e6ab8c694eaa7e729ff3e2b5,2017-09-23; Delete
a8de3d4cda2cc54afe697eeec92669c1,2017-09-23; Delete
aaffb73df4b26a6f7df7f31eab0ce5eb,2017-09-23; Delete
ab475dbcaa686a4d87dea193309dfcfd,2017-09-23; Delete
ab7628e6cc3beb520c7ebfc398a8de27,2017-09-23; Delete
ad31906224617e357e95936e3e52f45a,2017-09-23; Delete
b1e911de77383d6461cb5d6c1ed16982,2017-09-23; Delete
bd1da593d2ea4a7fb21222fcc680cfd0,2017-09-23; Delete
c429a74ae1fdb8143ae9673577500fdc,2017-09-23; Delete
cdefd6eebc07998e5aaa65c83e29b672,2017-09-23; Delete
db40c06120583ac32990792bf153ace6,2017-09-23; Delete
e2b132235a78c7f847165ae5e34964b9,2017-09-23; Delete
ed440e11152d5d64b67d4eeb41e8d2ce,2017-09-23; Delete
ed7bfef5f9af510d81aabb1807fe7393,2017-09-23; Delete
ee0b808249844a7d0e44a29724eceef6,2017-09-23; Delete
004c8b31a9830eff47cbd1c99e56d229,2017-09-24; Insert
0627731863d2fefc587792b4579f41ed,2017-09-24; Insert
0719037c7f5631c5d8551232a3a874a5,2017-09-24; Insert
147aa08858a7ffb87c0bfebb6c1f0e9d,2017-09-24; Insert
15768f45063666ca7bdcf2413088a112,2017-09-24; Insert
16df495bdcbbf971a5639084bcefd8f4,2017-09-24; Insert
19532de6db3bda8916afaf8a555ef352,2017-09-24; Insert
1d15ccf815c444e9c81c516bf6111d44,2017-09-24; Insert
1e761a5a34898445a41439c752295e20,2017-09-24; Insert
230606dd8b0d62e2a8a04ef61b2d8707,2017-09-24; Insert
26f07243089c36d679930b3f66aaf9d0,2017-09-24; Insert
26ffc3d8ca8ac0d3b64774d1fa79d6ec,2017-09-24; Insert
295e67515ed8e9884faab285c6e6525a,2017-09-24; Insert
2ca01471d013b7a991ff52128a74c679,2017-09-24; Insert
2fe8552013550c128332b47fc11aa6cd,2017-09-24; Insert
3668aeecdbfba8af2ee69d896ebada6f,2017-09-24; Insert
403170cdb3ce9eed5bf7c1ef2b3e23f1,2017-09-24; Insert
41c829c74a6d10ce148353900e86d614,2017-09-24; Insert
45d333e28008ced5c9b92a68887f93fe,2017-09-24; Insert
511756fb6e203ef95813b576a59af46e,2017-09-24; Insert
52849cdc0f0fd1fd3a06bbc24b675084,2017-09-24; Insert
53139b23bed3a46a0668862679b20798,2017-09-24; Insert
57f594677863ad274d6655c8aec6f7b2,2017-09-24; Insert
5819680eff9f09366755148b96880241,2017-09-24; Insert
5b46364a0ce0a873b1437afd65d51bfc,2017-09-24; Insert
5d9f40f0c4a0cf2a73d0464ca91d840a,2017-09-24; Insert
60c444effb3510c6db5d614be5a40bef,2017-09-24; Insert
63d25838e86b6c50c6880c5f95e3c642,2017-09-24; Insert
687821884698a3ba0f0dc493623c8d48,2017-09-24; Insert
693ef59145aa6b9e329f91538855ef64,2017-09-24; Insert
8009e4433aad21916a7761d374ee2be9,2017-09-24; Insert
818818f23802d9f4730f9b19dae7cc0a,2017-09-24; Insert
8e1475823b5101b22e231f80d14ed979,2017-09-24; Insert
93073581fba862a6f15b6c780344f504,2017-09-24; Insert
93cbb5d5ec2844956b9b42c99e1d5849,2017-09-24; Insert
945c2540e425e47efdb0511151a3e461,2017-09-24; Insert
99e29a3f13d71e041905a2b76101323d,2017-09-24; Insert
9e70aadb3b606c4d8587380ce762f600,2017-09-24; Insert
9f4117fa7494f64cd8024f8db6a56fe6,2017-09-24; Insert
a356a38d27ee89063e81ae93e886b5cd,2017-09-24; Insert
a408aa17ab2826c545c4d223ec29fd34,2017-09-24; Insert
aab0dd078c2d0f949c4b1e00f319bed0,2017-09-24; Insert
b61c6630c7c8c2fd8c3b428afe297832,2017-09-24; Insert
c08f426c6273b4455cf79d734cf7c33d,2017-09-24; Insert
c0e2ef50d565e5f86e332533cdb45e5c,2017-09-24; Insert
c40cfbce8ed82b9ec85efb08528f075d,2017-09-24; Insert
c417cb00ffbd918e6d36c7b70ee7327e,2017-09-24; Insert
c8c45e2e8b99d4b6ec84fc6e0373b260,2017-09-24; Insert
cad16c78d24228f370a1f4e54a0459e2,2017-09-24; Insert
d14bc9efe80aeb7d172cbb590f80eba7,2017-09-24; Insert
e07d19fb360292cf7b64629acbef7f01,2017-09-24; Insert
e7acc5a8d5ffc5c5fb9178cf4fbe054e,2017-09-24; Insert
f299ce39b6835f1b741642a29f21ed58,2017-09-24; Insert
f325a28f78d4426ca00eb443d94e69b0,2017-09-24; Insert
f35d0125488619a7d375a80156a420e2,2017-09-24; Insert
f7ba6dc978840e45bf37f6d76c3a9920,2017-09-24; Insert
ffdee03cb4c4c23b2db269b47e4669d5,2017-09-24; Insert
